path,class_id,split,direction,direction_confidence,direction_margin,head_color,color_confidence,color_margin,review_status,review_reason,label_source
marvel/0001/001.jpg,1,train,back,0.187600,0.014498,other,0.599607,0.283050,pseudo_labeled,direction,clip_unverified
marvel/0001/002.jpg,1,train,back,0.264383,0.062682,other,0.605060,0.270515,pseudo_labeled,direction,clip_unverified
marvel/0001/003.jpg,1,train,back,0.230245,0.047600,red,0.563081,0.210186,pseudo_labeled,direction,clip_unverified
marvel/0001/004.jpg,1,train,left,0.169432,0.016354,other,0.553525,0.166480,pseudo_labeled,direction,clip_unverified
marvel/0001/005.jpg,1,train,back,0.306323,0.119931,red,0.582034,0.265754,pseudo_labeled,direction,clip_unverified
marvel/0001/006.jpg,1,train,back,0.254783,0.076372,red,0.713168,0.475565,pseudo_labeled,direction,clip_unverified
marvel/0001/007.jpg,1,train,back,0.395121,0.224608,other,0.489448,0.261087,auto_accepted,,clip_auto_accepted
marvel/0001/008.jpg,1,train,back,0.177153,0.001085,red,0.607616,0.382947,pseudo_labeled,direction,clip_unverified
marvel/0001/009.jpg,1,train,back,0.248284,0.059163,red,0.518028,0.117119,pseudo_labeled,direction;color,clip_unverified
marvel/0001/010.jpg,1,train,back,0.197294,0.007666,red,0.781457,0.581899,pseudo_labeled,direction,clip_unverified
marvel/0002/001.jpg,2,test,back,0.259916,0.075799,black,0.554009,0.341756,pseudo_labeled,direction;test_requires_review,clip_unverified
marvel/0002/002.jpg,2,test,back,0.189505,0.010084,black,0.657254,0.509779,pseudo_labeled,direction;test_requires_review,clip_unverified
marvel/0002/003.jpg,2,test,back,0.175802,0.011547,black,0.950638,0.926068,pseudo_labeled,direction;test_requires_review,clip_unverified
marvel/0002/004.jpg,2,test,left,0.174475,0.011305,black,0.881959,0.828911,pseudo_labeled,direction;test_requires_review,clip_unverified
marvel/0002/005.jpg,2,test,left,0.196896,0.043708,black,0.935622,0.893827,pseudo_labeled,direction;test_requires_review,clip_unverified
marvel/0002/006.jpg,2,test,left,0.185846,0.018611,black,0.967142,0.949515,pseudo_labeled,direction;test_requires_review,clip_unverified
marvel/0002/007.jpg,2,test,back,0.244763,0.085215,black,0.811693,0.693690,pseudo_labeled,direction;test_requires_review,clip_unverified
marvel/0002/008.jpg,2,test,left,0.193881,0.049149,black,0.651073,0.401872,pseudo_labeled,direction;test_requires_review,clip_unverified
marvel/0002/009.jpg,2,test,back,0.307962,0.136463,black,0.862981,0.811378,pseudo_labeled,direction;test_requires_review,clip_unverified
marvel/0002/010.jpg,2,test,back,0.248852,0.063305,black,0.975515,0.965603,pseudo_labeled,direction;test_requires_review,clip_unverified
marvel/0003/001.jpg,3,train,back-left,0.157352,0.000600,blue,0.444448,0.191213,pseudo_labeled,direction,clip_unverified
marvel/0003/002.jpg,3,train,left,0.183515,0.017976,blue,0.572769,0.332744,pseudo_labeled,direction,clip_unverified
marvel/0003/003.jpg,3,train,back-left,0.177403,0.025076,gray,0.754918,0.680098,pseudo_labeled,direction,clip_unverified
marvel/0003/004.jpg,3,train,left,0.211351,0.037974,blue,0.595901,0.479624,pseudo_labeled,direction,clip_unverified
marvel/0003/005.jpg,3,train,back,0.295212,0.105066,gray,0.714130,0.628395,pseudo_labeled,direction,clip_unverified
marvel/0003/006.jpg,3,train,back,0.234208,0.060423,gray,0.522220,0.388838,pseudo_labeled,direction,clip_unverified
marvel/0003/007.jpg,3,train,back,0.214534,0.017802,gray,0.303412,0.033091,pseudo_labeled,direction;color,clip_unverified
marvel/0003/008.jpg,3,train,left,0.202555,0.050593,blue,0.424569,0.249664,pseudo_labeled,direction,clip_unverified
marvel/0003/009.jpg,3,train,back-left,0.170858,0.012339,blue,0.769935,0.689087,pseudo_labeled,direction,clip_unverified
marvel/0003/010.jpg,3,train,back,0.265075,0.103072,gray,0.665038,0.510334,pseudo_labeled,direction,clip_unverified
marvel/0004/001.jpg,4,train,left,0.164740,0.015802,white,0.904512,0.858794,pseudo_labeled,direction,clip_unverified
marvel/0004/002.jpg,4,train,back,0.190214,0.019526,white,0.909916,0.854873,pseudo_labeled,direction,clip_unverified
marvel/0004/003.jpg,4,train,left,0.186743,0.037779,white,0.827710,0.739743,pseudo_labeled,direction,clip_unverified
marvel/0004/004.jpg,4,train,left,0.177122,0.002872,white,0.384448,0.027059,pseudo_labeled,direction;color,clip_unverified
marvel/0004/005.jpg,4,train,back,0.399998,0.214310,white,0.850786,0.786245,auto_accepted,,clip_auto_accepted
marvel/0004/006.jpg,4,train,back,0.254759,0.097726,white,0.755920,0.636498,pseudo_labeled,direction,clip_unverified
marvel/0004/007.jpg,4,train,left,0.196999,0.052619,white,0.910631,0.865122,pseudo_labeled,direction,clip_unverified
marvel/0004/008.jpg,4,train,left,0.184389,0.023435,white,0.885036,0.853345,pseudo_labeled,direction,clip_unverified
marvel/0004/009.jpg,4,train,left,0.187518,0.001942,white,0.567091,0.359690,pseudo_labeled,direction,clip_unverified
marvel/0004/010.jpg,4,train,back-right,0.162001,0.002968,white,0.861482,0.800340,pseudo_labeled,direction,clip_unverified
star-wars/0001/001.jpg,5,train,back,0.181596,0.006094,brown,0.475867,0.232753,pseudo_labeled,direction,clip_unverified
star-wars/0001/002.jpg,5,train,front-left,0.188134,0.014143,green,0.531996,0.403170,pseudo_labeled,direction,clip_unverified
star-wars/0001/003.jpg,5,train,back-left,0.164537,0.021117,tan,0.486504,0.196035,pseudo_labeled,direction,clip_unverified
star-wars/0001/004.jpg,5,train,back-left,0.188232,0.049432,green,0.351648,0.088086,pseudo_labeled,direction;color,clip_unverified
star-wars/0001/005.jpg,5,train,back-left,0.180268,0.038280,brown,0.325336,0.014065,pseudo_labeled,direction;color,clip_unverified
star-wars/0001/006.jpg,5,train,back,0.204846,0.029512,green,0.668572,0.577494,pseudo_labeled,direction,clip_unverified
star-wars/0001/007.jpg,5,train,back-left,0.214701,0.084818,green,0.675820,0.553002,pseudo_labeled,direction,clip_unverified
star-wars/0001/008.jpg,5,train,back,0.266810,0.103680,tan,0.378121,0.075784,pseudo_labeled,direction;color,clip_unverified
star-wars/0001/009.jpg,5,train,front-right,0.170113,0.003744,green,0.601031,0.422806,pseudo_labeled,direction,clip_unverified
star-wars/0001/010.jpg,5,train,back,0.172930,0.014627,green,0.352629,0.002548,pseudo_labeled,direction;color,clip_unverified
star-wars/0001/011.jpg,5,train,back,0.246451,0.066694,green,0.524535,0.322743,pseudo_labeled,direction,clip_unverified
star-wars/0001/012.jpg,5,train,back-left,0.255627,0.116692,green,0.509331,0.263486,pseudo_labeled,direction,clip_unverified
star-wars/0002/001.jpg,6,train,back,0.269305,0.079912,brown,0.491076,0.203932,pseudo_labeled,direction,clip_unverified
star-wars/0002/002.jpg,6,train,back-left,0.166776,0.026069,brown,0.522995,0.137690,pseudo_labeled,direction;color,clip_unverified
star-wars/0002/003.jpg,6,train,back-left,0.181387,0.022497,brown,0.611961,0.238298,pseudo_labeled,direction,clip_unverified
star-wars/0002/004.jpg,6,train,back,0.181917,0.013509,brown,0.671882,0.482310,pseudo_labeled,direction,clip_unverified
star-wars/0002/005.jpg,6,train,back,0.209536,0.019578,brown,0.543607,0.264175,pseudo_labeled,direction,clip_unverified
star-wars/0002/006.jpg,6,train,back,0.307783,0.115888,other,0.284406,0.014115,pseudo_labeled,direction;color,clip_unverified
star-wars/0002/007.jpg,6,train,back-left,0.195315,0.000888,brown,0.699834,0.541777,pseudo_labeled,direction,clip_unverified
star-wars/0002/008.jpg,6,train,back,0.189443,0.009243,brown,0.479831,0.137768,pseudo_labeled,direction;color,clip_unverified
star-wars/0002/009.jpg,6,train,back,0.292038,0.115059,tan,0.536330,0.333445,pseudo_labeled,direction,clip_unverified
star-wars/0002/010.jpg,6,train,back-left,0.178199,0.019669,brown,0.646153,0.331385,pseudo_labeled,direction,clip_unverified
star-wars/0002/011.jpg,6,train,back,0.234993,0.048895,tan,0.548345,0.176236,pseudo_labeled,direction,clip_unverified
star-wars/0002/012.jpg,6,train,back-left,0.285002,0.144108,tan,0.647479,0.408720,pseudo_labeled,direction,clip_unverified
star-wars/0003/001.jpg,7,val,back-left,0.184657,0.041772,brown,0.324193,0.011866,pseudo_labeled,direction;color,clip_unverified
star-wars/0003/002.jpg,7,val,front-left,0.190214,0.037130,white,0.610284,0.418681,pseudo_labeled,direction,clip_unverified
star-wars/0003/003.jpg,7,val,back-left,0.165226,0.011145,brown,0.401775,0.150366,pseudo_labeled,direction,clip_unverified
star-wars/0003/004.jpg,7,val,left,0.168482,0.027007,white,0.278118,0.105455,pseudo_labeled,direction;color,clip_unverified
star-wars/0003/005.jpg,7,val,back,0.226133,0.052071,white,0.654212,0.552419,pseudo_labeled,direction,clip_unverified
star-wars/0003/006.jpg,7,val,back,0.298508,0.125853,white,0.738255,0.622154,pseudo_labeled,direction,clip_unverified
star-wars/0003/007.jpg,7,val,back,0.192645,0.000179,white,0.418474,0.225370,pseudo_labeled,direction,clip_unverified
star-wars/0003/008.jpg,7,val,left,0.218843,0.070564,white,0.735120,0.584498,pseudo_labeled,direction,clip_unverified
star-wars/0003/009.jpg,7,val,left,0.200868,0.055263,white,0.484714,0.263446,pseudo_labeled,direction,clip_unverified
star-wars/0003/010.jpg,7,val,left,0.178984,0.006946,other,0.321492,0.054796,pseudo_labeled,direction;color,clip_unverified
star-wars/0003/011.jpg,7,val,left,0.190451,0.020608,white,0.726448,0.586255,pseudo_labeled,direction,clip_unverified
star-wars/0003/012.jpg,7,val,back-left,0.177083,0.028056,brown,0.378933,0.155195,pseudo_labeled,direction,clip_unverified
star-wars/0004/001.jpg,8,test,back-left,0.150637,0.003748,tan,0.564529,0.305110,pseudo_labeled,direction;test_requires_review,clip_unverified
star-wars/0004/002.jpg,8,test,left,0.163880,0.019860,tan,0.573072,0.360865,pseudo_labeled,direction;test_requires_review,clip_unverified
star-wars/0004/003.jpg,8,test,back-left,0.167103,0.005489,tan,0.608622,0.439393,pseudo_labeled,direction;test_requires_review,clip_unverified
star-wars/0004/004.jpg,8,test,back-left,0.239706,0.024595,white,0.417521,0.243144,pseudo_labeled,direction;test_requires_review,clip_unverified
star-wars/0004/005.jpg,8,test,back-left,0.199293,0.062886,tan,0.267760,0.051234,pseudo_labeled,direction;color;test_requires_review,clip_unverified
star-wars/0004/006.jpg,8,test,back-left,0.165001,0.001479,tan,0.540836,0.156926,pseudo_labeled,direction;test_requires_review,clip_unverified
star-wars/0004/007.jpg,8,test,back,0.210440,0.039900,brown,0.531110,0.101214,pseudo_labeled,direction;color;test_requires_review,clip_unverified
star-wars/0004/008.jpg,8,test,back-left,0.267662,0.054084,brown,0.252111,0.005616,pseudo_labeled,direction;color;test_requires_review,clip_unverified
star-wars/0004/009.jpg,8,test,back-left,0.173887,0.005547,brown,0.606138,0.220955,pseudo_labeled,direction;test_requires_review,clip_unverified
star-wars/0004/010.jpg,8,test,right,0.179910,0.004925,brown,0.470663,0.023096,pseudo_labeled,direction;color;test_requires_review,clip_unverified
star-wars/0004/011.jpg,8,test,back-left,0.183597,0.004171,brown,0.485432,0.096235,pseudo_labeled,direction;color;test_requires_review,clip_unverified
star-wars/0005/001.jpg,9,val,back-left,0.163600,0.001244,green,0.609411,0.417760,pseudo_labeled,direction,clip_unverified
star-wars/0005/002.jpg,9,val,front-right,0.159169,0.012096,white,0.645411,0.516001,pseudo_labeled,direction,clip_unverified
star-wars/0005/003.jpg,9,val,back-left,0.190648,0.015623,white,0.443882,0.187671,pseudo_labeled,direction,clip_unverified
star-wars/0005/004.jpg,9,val,back-left,0.346674,0.138623,white,0.626736,0.512253,pseudo_labeled,direction,clip_unverified
star-wars/0005/005.jpg,9,val,back-left,0.215266,0.050540,blue,0.568397,0.373800,pseudo_labeled,direction,clip_unverified
star-wars/0005/006.jpg,9,val,back-left,0.166539,0.007922,white,0.775387,0.654217,pseudo_labeled,direction,clip_unverified
star-wars/0005/007.jpg,9,val,back-left,0.345074,0.159127,blue,0.687459,0.524391,auto_accepted,,clip_auto_accepted
star-wars/0005/008.jpg,9,val,back,0.215711,0.025804,white,0.502774,0.090529,pseudo_labeled,direction;color,clip_unverified
star-wars/0005/009.jpg,9,val,back-left,0.248304,0.055379,white,0.715836,0.612950,pseudo_labeled,direction,clip_unverified
star-wars/0005/010.jpg,9,val,back,0.226358,0.016041,green,0.445613,0.194870,pseudo_labeled,direction,clip_unverified
star-wars/0005/011.jpg,9,val,back,0.231914,0.055437,white,0.377398,0.076181,pseudo_labeled,direction;color,clip_unverified
star-wars/0005/012.jpg,9,val,back-left,0.198404,0.003661,white,0.433980,0.185701,pseudo_labeled,direction,clip_unverified
star-wars/0006/001.jpg,10,train,left,0.167992,0.002632,black,0.829296,0.746717,pseudo_labeled,direction,clip_unverified
star-wars/0006/002.jpg,10,train,back-left,0.202582,0.025256,black,0.515315,0.141032,pseudo_labeled,direction;color,clip_unverified
star-wars/0006/003.jpg,10,train,back-left,0.208791,0.054296,black,0.626188,0.437244,pseudo_labeled,direction,clip_unverified
star-wars/0006/004.jpg,10,train,front-left,0.283293,0.080040,black,0.956619,0.935461,pseudo_labeled,direction,clip_unverified
star-wars/0006/005.jpg,10,train,back-left,0.240793,0.057610,black,0.853251,0.770794,pseudo_labeled,direction,clip_unverified
star-wars/0006/006.jpg,10,train,back,0.275813,0.053310,black,0.786219,0.629277,pseudo_labeled,direction,clip_unverified
star-wars/0006/007.jpg,10,train,front-left,0.185775,0.026104,gray,0.508704,0.073253,pseudo_labeled,direction;color,clip_unverified
star-wars/0006/008.jpg,10,train,back-left,0.188824,0.038983,black,0.864721,0.793769,pseudo_labeled,direction,clip_unverified
star-wars/0007/001.jpg,11,train,back-left,0.179485,0.047488,gray,0.447102,0.058819,pseudo_labeled,direction;color,clip_unverified
star-wars/0007/002.jpg,11,train,back-left,0.161366,0.004677,brown,0.488285,0.294889,pseudo_labeled,direction,clip_unverified
star-wars/0007/003.jpg,11,train,back-left,0.205253,0.014482,brown,0.630812,0.491074,pseudo_labeled,direction,clip_unverified
star-wars/0007/004.jpg,11,train,back,0.346023,0.121775,gray,0.345060,0.054234,pseudo_labeled,direction;color,clip_unverified
star-wars/0007/005.jpg,11,train,back,0.170734,0.009662,black,0.415854,0.071556,pseudo_labeled,direction;color,clip_unverified
star-wars/0007/006.jpg,11,train,back,0.325707,0.126339,brown,0.419164,0.265646,pseudo_labeled,direction,clip_unverified
star-wars/0007/007.jpg,11,train,back-left,0.261409,0.026684,brown,0.376808,0.162239,pseudo_labeled,direction,clip_unverified
star-wars/0008/001.jpg,12,train,back-left,0.220323,0.062142,black,0.755129,0.669816,pseudo_labeled,direction,clip_unverified
star-wars/0008/002.jpg,12,train,back-left,0.218022,0.035425,black,0.446621,0.114060,pseudo_labeled,direction;color,clip_unverified
star-wars/0008/003.jpg,12,train,back,0.303778,0.028382,black,0.422416,0.160692,pseudo_labeled,direction,clip_unverified
star-wars/0008/004.jpg,12,train,back,0.203935,0.015810,black,0.887532,0.812910,pseudo_labeled,direction,clip_unverified
star-wars/0008/005.jpg,12,train,back-left,0.184296,0.040115,black,0.576790,0.278259,pseudo_labeled,direction,clip_unverified
star-wars/0008/006.jpg,12,train,back-left,0.195445,0.010781,blue,0.558587,0.284597,pseudo_labeled,direction,clip_unverified
star-wars/0008/007.jpg,12,train,back-left,0.364945,0.198062,black,0.422398,0.182061,auto_accepted,,clip_auto_accepted
star-wars/0009/001.jpg,13,train,back-left,0.196251,0.005512,brown,0.691990,0.442875,pseudo_labeled,direction,clip_unverified
star-wars/0009/002.jpg,13,train,back-left,0.256857,0.090796,gray,0.413129,0.257295,pseudo_labeled,direction,clip_unverified
star-wars/0009/003.jpg,13,train,back-left,0.185899,0.051578,brown,0.355931,0.021876,pseudo_labeled,direction;color,clip_unverified
star-wars/0009/004.jpg,13,train,back,0.255860,0.012023,brown,0.540144,0.299406,pseudo_labeled,direction,clip_unverified
star-wars/0009/005.jpg,13,train,back-left,0.186838,0.044605,brown,0.573227,0.315172,pseudo_labeled,direction,clip_unverified
star-wars/0009/006.jpg,13,train,back-left,0.231439,0.040275,brown,0.364474,0.080427,pseudo_labeled,direction;color,clip_unverified
star-wars/0009/007.jpg,13,train,back-left,0.377178,0.203271,tan,0.452977,0.029401,pseudo_labeled,color,clip_unverified
star-wars/0010/001.jpg,14,train,back-left,0.203358,0.049008,brown,0.647499,0.438889,pseudo_labeled,direction,clip_unverified
star-wars/0010/002.jpg,14,train,back-left,0.256919,0.065051,brown,0.640795,0.388596,pseudo_labeled,direction,clip_unverified
star-wars/0010/003.jpg,14,train,front-left,0.186155,0.002335,tan,0.590525,0.231167,pseudo_labeled,direction,clip_unverified
star-wars/0010/004.jpg,14,train,back-left,0.255963,0.031472,brown,0.685625,0.491382,pseudo_labeled,direction,clip_unverified
star-wars/0010/005.jpg,14,train,back-left,0.176606,0.038767,tan,0.533086,0.138089,pseudo_labeled,direction;color,clip_unverified
star-wars/0010/006.jpg,14,train,back-left,0.250423,0.093437,brown,0.624446,0.455682,pseudo_labeled,direction,clip_unverified
star-wars/0010/007.jpg,14,train,back-left,0.290825,0.130934,brown,0.530752,0.323035,pseudo_labeled,direction,clip_unverified
marvel/0005/001.jpg,15,test,back,0.220310,0.046380,other,0.687645,0.575128,pseudo_labeled,direction;test_requires_review,clip_unverified
marvel/0005/002.jpg,15,test,back,0.185105,0.033262,other,0.676120,0.548746,pseudo_labeled,direction;test_requires_review,clip_unverified
marvel/0005/003.jpg,15,test,back,0.363570,0.180221,other,0.574967,0.395124,pseudo_labeled,test_requires_review,clip_unverified
marvel/0005/004.jpg,15,test,back-left,0.205340,0.043522,other,0.721282,0.649843,pseudo_labeled,direction;test_requires_review,clip_unverified
marvel/0005/005.jpg,15,test,right,0.178200,0.029937,other,0.397182,0.130683,pseudo_labeled,direction;color;test_requires_review,clip_unverified
marvel/0005/006.jpg,15,test,front-left,0.189423,0.024431,other,0.595488,0.397728,pseudo_labeled,direction;test_requires_review,clip_unverified
marvel/0005/007.jpg,15,test,back-left,0.179613,0.011784,other,0.887265,0.828132,pseudo_labeled,direction;test_requires_review,clip_unverified
marvel/0005/008.jpg,15,test,back-left,0.245805,0.091331,other,0.407987,0.053117,pseudo_labeled,direction;color;test_requires_review,clip_unverified
marvel/0006/001.jpg,16,test,back-left,0.195761,0.032971,red,0.835856,0.738212,pseudo_labeled,direction;test_requires_review,clip_unverified
marvel/0006/002.jpg,16,test,back-left,0.172155,0.017113,red,0.449241,0.165442,pseudo_labeled,direction;test_requires_review,clip_unverified
marvel/0006/003.jpg,16,test,back,0.378902,0.161205,other,0.318274,0.073315,pseudo_labeled,color;test_requires_review,clip_unverified
marvel/0006/004.jpg,16,test,back-left,0.230651,0.077650,red,0.583113,0.441391,pseudo_labeled,direction;test_requires_review,clip_unverified
marvel/0006/005.jpg,16,test,back-left,0.247251,0.059908,red,0.500833,0.351365,pseudo_labeled,direction;test_requires_review,clip_unverified
marvel/0006/006.jpg,16,test,front,0.159255,0.009079,black,0.830278,0.730932,pseudo_labeled,direction;test_requires_review,clip_unverified
marvel/0006/007.jpg,16,test,back-left,0.300510,0.142912,black,0.834561,0.764903,pseudo_labeled,direction;test_requires_review,clip_unverified
marvel/0006/008.jpg,16,test,back,0.201810,0.047747,red,0.902912,0.858429,pseudo_labeled,direction;test_requires_review,clip_unverified
marvel/0007/001.jpg,17,train,back-left,0.219509,0.045615,black,0.575361,0.265184,pseudo_labeled,direction,clip_unverified
marvel/0007/002.jpg,17,train,back,0.267196,0.066814,black,0.713775,0.603524,pseudo_labeled,direction,clip_unverified
marvel/0007/003.jpg,17,train,back,0.299684,0.106351,black,0.662140,0.546285,pseudo_labeled,direction,clip_unverified
marvel/0007/004.jpg,17,train,back-left,0.195693,0.010340,white,0.450541,0.142396,pseudo_labeled,direction;color,clip_unverified
marvel/0007/005.jpg,17,train,back-left,0.214705,0.029908,black,0.843988,0.775808,pseudo_labeled,direction,clip_unverified
marvel/0007/006.jpg,17,train,back,0.252641,0.076191,black,0.611440,0.421458,pseudo_labeled,direction,clip_unverified
marvel/0007/007.jpg,17,train,back-left,0.334291,0.133039,black,0.778223,0.649343,pseudo_labeled,direction,clip_unverified
marvel/0007/008.jpg,17,train,back,0.191161,0.016581,white,0.366139,0.078935,pseudo_labeled,direction;color,clip_unverified
harry-potter/0001/001.jpg,18,test,back,0.489389,0.265674,other,0.425669,0.275424,pseudo_labeled,test_requires_review,clip_unverified
harry-potter/0001/002.jpg,18,test,back-left,0.198956,0.056442,other,0.431013,0.283128,pseudo_labeled,direction;test_requires_review,clip_unverified
harry-potter/0001/003.jpg,18,test,back,0.245112,0.033178,other,0.541471,0.438066,pseudo_labeled,direction;test_requires_review,clip_unverified
harry-potter/0001/004.jpg,18,test,back-left,0.198899,0.035182,white,0.335794,0.072479,pseudo_labeled,direction;color;test_requires_review,clip_unverified
harry-potter/0001/005.jpg,18,test,back-left,0.182453,0.011673,other,0.371664,0.057603,pseudo_labeled,direction;color;test_requires_review,clip_unverified
harry-potter/0001/006.jpg,18,test,back-left,0.297422,0.035950,black,0.540550,0.283195,pseudo_labeled,direction;test_requires_review,clip_unverified
harry-potter/0001/007.jpg,18,test,back-left,0.279376,0.034959,other,0.597891,0.382254,pseudo_labeled,direction;test_requires_review,clip_unverified
harry-potter/0001/008.jpg,18,test,back,0.290360,0.078379,black,0.815163,0.698626,pseudo_labeled,direction;test_requires_review,clip_unverified
harry-potter/0001/009.jpg,18,test,back-left,0.240916,0.012800,brown,0.405263,0.222017,pseudo_labeled,direction;test_requires_review,clip_unverified
harry-potter/0001/010.jpg,18,test,back,0.261664,0.078243,other,0.317085,0.047471,pseudo_labeled,direction;color;test_requires_review,clip_unverified
harry-potter/0001/011.jpg,18,test,back-left,0.220793,0.064096,black,0.474005,0.129573,pseudo_labeled,direction;color;test_requires_review,clip_unverified
harry-potter/0002/001.jpg,19,train,back,0.288147,0.078501,red,0.381658,0.194673,pseudo_labeled,direction,clip_unverified
harry-potter/0002/002.jpg,19,train,back,0.202484,0.011177,red,0.924650,0.900199,pseudo_labeled,direction,clip_unverified
harry-potter/0002/003.jpg,19,train,back,0.286164,0.095461,red,0.497096,0.346458,pseudo_labeled,direction,clip_unverified
harry-potter/0002/004.jpg,19,train,back-left,0.249698,0.075012,red,0.626097,0.471126,pseudo_labeled,direction,clip_unverified
harry-potter/0002/005.jpg,19,train,back,0.257100,0.025858,brown,0.395723,0.052134,pseudo_labeled,direction;color,clip_unverified
harry-potter/0002/006.jpg,19,train,back,0.387255,0.154680,other,0.564370,0.430561,auto_accepted,,clip_auto_accepted
harry-potter/0002/007.jpg,19,train,back-left,0.375628,0.152141,red,0.269935,0.025158,pseudo_labeled,color,clip_unverified
harry-potter/0002/008.jpg,19,train,back-left,0.238261,0.008114,red,0.641704,0.463298,pseudo_labeled,direction,clip_unverified
harry-potter/0002/009.jpg,19,train,back,0.228374,0.026824,red,0.356040,0.172401,pseudo_labeled,direction,clip_unverified
harry-potter/0002/010.jpg,19,train,back,0.270181,0.095423,red,0.295442,0.121030,pseudo_labeled,direction;color,clip_unverified
harry-potter/0002/011.jpg,19,train,back-left,0.253587,0.092745,other,0.318722,0.045653,pseudo_labeled,direction;color,clip_unverified
marvel/0008/001.jpg,20,train,back,0.266312,0.053520,brown,0.216640,0.010394,pseudo_labeled,direction;color,clip_unverified
marvel/0008/002.jpg,20,train,back-left,0.194783,0.002890,red,0.693117,0.592172,pseudo_labeled,direction,clip_unverified
marvel/0008/003.jpg,20,train,back,0.279806,0.095940,blue,0.354813,0.143771,pseudo_labeled,direction;color,clip_unverified
marvel/0008/004.jpg,20,train,back,0.286418,0.130186,black,0.700680,0.545292,pseudo_labeled,direction,clip_unverified
marvel/0008/005.jpg,20,train,back,0.228695,0.072700,black,0.761889,0.571702,pseudo_labeled,direction,clip_unverified
marvel/0008/006.jpg,20,train,back,0.216774,0.044602,black,0.753959,0.670441,pseudo_labeled,direction,clip_unverified
marvel/0008/007.jpg,20,train,back,0.230304,0.070571,black,0.407947,0.023260,pseudo_labeled,direction;color,clip_unverified
marvel/0008/008.jpg,20,train,back,0.252780,0.099974,red,0.595797,0.281117,pseudo_labeled,direction,clip_unverified
marvel/0008/009.jpg,20,train,back,0.316314,0.119862,red,0.322920,0.078970,pseudo_labeled,direction;color,clip_unverified
marvel/0008/010.jpg,20,train,back-left,0.483763,0.331811,black,0.334294,0.175265,auto_accepted,,clip_auto_accepted
marvel/0008/011.jpg,20,train,back-left,0.251976,0.063818,red,0.262314,0.092848,pseudo_labeled,direction;color,clip_unverified
marvel/0009/001.jpg,21,train,back-left,0.184623,0.007102,black,0.437667,0.268144,pseudo_labeled,direction,clip_unverified
marvel/0009/002.jpg,21,train,back,0.356486,0.134708,blue,0.244896,0.054518,pseudo_labeled,direction;color,clip_unverified
marvel/0009/003.jpg,21,train,back,0.371650,0.120793,white,0.411714,0.170845,pseudo_labeled,direction,clip_unverified
marvel/0009/004.jpg,21,train,back,0.361192,0.149031,white,0.889007,0.854670,pseudo_labeled,direction,clip_unverified
marvel/0009/005.jpg,21,train,back,0.332956,0.141272,white,0.689046,0.509638,pseudo_labeled,direction,clip_unverified
marvel/0009/006.jpg,21,train,back,0.388192,0.180051,white,0.781946,0.660774,auto_accepted,,clip_auto_accepted
marvel/0009/007.jpg,21,train,back,0.406629,0.210221,blue,0.302222,0.084725,pseudo_labeled,color,clip_unverified
marvel/0009/008.jpg,21,train,back,0.433746,0.222717,white,0.591465,0.440841,auto_accepted,,clip_auto_accepted
marvel/0009/009.jpg,21,train,back,0.299839,0.112616,white,0.321201,0.096536,pseudo_labeled,direction;color,clip_unverified
marvel/0009/010.jpg,21,train,back-left,0.456138,0.314227,brown,0.288066,0.079541,pseudo_labeled,color,clip_unverified
marvel/0009/011.jpg,21,train,back,0.249989,0.042624,gray,0.252029,0.081077,pseudo_labeled,direction;color,clip_unverified
marvel/0010/001.jpg,22,val,back,0.229532,0.051902,black,0.760059,0.654792,pseudo_labeled,direction,clip_unverified
marvel/0010/002.jpg,22,val,back,0.196328,0.030253,gray,0.429716,0.257994,pseudo_labeled,direction,clip_unverified
marvel/0010/003.jpg,22,val,back,0.157780,0.011557,blue,0.520813,0.305834,pseudo_labeled,direction,clip_unverified
marvel/0010/004.jpg,22,val,back,0.220074,0.073810,blue,0.687825,0.516981,pseudo_labeled,direction,clip_unverified
marvel/0010/005.jpg,22,val,back-left,0.154807,0.004242,black,0.495317,0.294639,pseudo_labeled,direction,clip_unverified
marvel/0010/006.jpg,22,val,back,0.219768,0.065918,black,0.453715,0.281315,pseudo_labeled,direction,clip_unverified
marvel/0010/007.jpg,22,val,back,0.378979,0.219084,blue,0.517316,0.232534,auto_accepted,,clip_auto_accepted
marvel/0010/008.jpg,22,val,back,0.362716,0.178499,black,0.390862,0.019936,pseudo_labeled,color,clip_unverified
marvel/0010/009.jpg,22,val,back,0.226908,0.029739,other,0.399485,0.095173,pseudo_labeled,direction;color,clip_unverified
marvel/0010/010.jpg,22,val,back-left,0.207183,0.001463,black,0.484400,0.304822,pseudo_labeled,direction,clip_unverified
marvel/0010/011.jpg,22,val,back-left,0.235662,0.079481,blue,0.380153,0.120937,pseudo_labeled,direction;color,clip_unverified
marvel/0011/001.jpg,23,train,front-right,0.160299,0.026130,blue,0.354715,0.159847,pseudo_labeled,direction,clip_unverified
marvel/0011/002.jpg,23,train,back,0.162346,0.002612,other,0.421454,0.190959,pseudo_labeled,direction,clip_unverified
marvel/0011/003.jpg,23,train,back,0.220005,0.026053,white,0.375709,0.111834,pseudo_labeled,direction;color,clip_unverified
marvel/0011/004.jpg,23,train,front-left,0.149686,0.010100,white,0.594805,0.376441,pseudo_labeled,direction,clip_unverified
marvel/0011/005.jpg,23,train,back,0.214722,0.031067,white,0.500593,0.227910,pseudo_labeled,direction,clip_unverified
marvel/0011/006.jpg,23,train,back,0.250979,0.054343,blue,0.534358,0.398377,pseudo_labeled,direction,clip_unverified
marvel/0011/007.jpg,23,train,back,0.252453,0.068134,blue,0.637007,0.398548,pseudo_labeled,direction,clip_unverified
marvel/0011/008.jpg,23,train,back,0.151501,0.003146,white,0.395775,0.092605,pseudo_labeled,direction;color,clip_unverified
marvel/0011/009.jpg,23,train,back,0.178911,0.016545,blue,0.682432,0.495617,pseudo_labeled,direction,clip_unverified
marvel/0011/010.jpg,23,train,back-right,0.210611,0.006854,blue,0.257053,0.047907,pseudo_labeled,direction;color,clip_unverified
marvel/0012/001.jpg,24,val,front-right,0.150052,0.001944,black,0.767313,0.689016,pseudo_labeled,direction,clip_unverified
marvel/0012/002.jpg,24,val,front-left,0.172831,0.015617,black,0.761998,0.612621,pseudo_labeled,direction,clip_unverified
marvel/0012/003.jpg,24,val,back,0.196110,0.027035,black,0.894721,0.859485,pseudo_labeled,direction,clip_unverified
marvel/0012/004.jpg,24,val,back,0.188893,0.006832,black,0.853779,0.803016,pseudo_labeled,direction,clip_unverified
marvel/0012/005.jpg,24,val,back-left,0.176684,0.015182,black,0.465399,0.284564,pseudo_labeled,direction,clip_unverified
marvel/0012/006.jpg,24,val,back,0.206732,0.009867,black,0.827454,0.763004,pseudo_labeled,direction,clip_unverified
marvel/0012/007.jpg,24,val,back,0.250971,0.076421,black,0.714034,0.507963,pseudo_labeled,direction,clip_unverified
marvel/0012/008.jpg,24,val,back-left,0.149279,0.008310,black,0.911034,0.872232,pseudo_labeled,direction,clip_unverified
marvel/0012/009.jpg,24,val,back,0.279089,0.113539,black,0.817742,0.732857,pseudo_labeled,direction,clip_unverified
marvel/0012/010.jpg,24,val,back-left,0.196450,0.046504,black,0.941718,0.915645,pseudo_labeled,direction,clip_unverified
marvel/0013/001.jpg,25,train,back,0.185770,0.019093,black,0.660694,0.453824,pseudo_labeled,direction,clip_unverified
marvel/0013/002.jpg,25,train,back-left,0.210211,0.011909,black,0.940692,0.911012,pseudo_labeled,direction,clip_unverified
marvel/0013/003.jpg,25,train,back-left,0.172700,0.010486,black,0.937312,0.896093,pseudo_labeled,direction,clip_unverified
marvel/0013/004.jpg,25,train,back,0.178891,0.000964,black,0.881956,0.827878,pseudo_labeled,direction,clip_unverified
marvel/0013/005.jpg,25,train,back,0.341962,0.148969,black,0.865364,0.809048,pseudo_labeled,direction,clip_unverified
marvel/0013/006.jpg,25,train,back,0.285363,0.130242,black,0.748414,0.625941,pseudo_labeled,direction,clip_unverified
marvel/0013/007.jpg,25,train,back-left,0.187593,0.019782,black,0.750692,0.642457,pseudo_labeled,direction,clip_unverified
marvel/0013/008.jpg,25,train,back,0.170721,0.029231,black,0.871939,0.823910,pseudo_labeled,direction,clip_unverified
marvel/0013/009.jpg,25,train,back,0.290192,0.096466,black,0.498232,0.230017,pseudo_labeled,direction,clip_unverified
marvel/0013/010.jpg,25,train,back-left,0.175456,0.028913,yellow,0.344687,0.067082,pseudo_labeled,direction;color,clip_unverified
jurassic-world/0001/001.jpg,26,train,back-left,0.241266,0.009589,other,0.493253,0.300394,pseudo_labeled,direction,clip_unverified
jurassic-world/0001/002.jpg,26,train,back,0.256723,0.037170,other,0.530460,0.388054,pseudo_labeled,direction,clip_unverified
jurassic-world/0001/003.jpg,26,train,back-left,0.222415,0.054418,other,0.299645,0.015921,pseudo_labeled,direction;color,clip_unverified
jurassic-world/0001/004.jpg,26,train,back,0.355165,0.133164,white,0.512167,0.400823,pseudo_labeled,direction,clip_unverified
jurassic-world/0001/005.jpg,26,train,back-left,0.165863,0.001268,white,0.391617,0.134796,pseudo_labeled,direction;color,clip_unverified
jurassic-world/0001/006.jpg,26,train,back,0.323489,0.109230,white,0.431056,0.232544,pseudo_labeled,direction,clip_unverified
jurassic-world/0001/007.jpg,26,train,back-left,0.221290,0.043330,white,0.547855,0.418396,pseudo_labeled,direction,clip_unverified
jurassic-world/0001/008.jpg,26,train,back-left,0.221208,0.023015,green,0.261945,0.093625,pseudo_labeled,direction;color,clip_unverified
jurassic-world/0001/009.jpg,26,train,back-left,0.245607,0.060196,gray,0.242236,0.021178,pseudo_labeled,direction;color,clip_unverified
jurassic-world/0001/010.jpg,26,train,back-left,0.243249,0.033960,green,0.515261,0.324405,pseudo_labeled,direction,clip_unverified
jurassic-world/0001/011.jpg,26,train,back-left,0.342939,0.148686,red,0.806508,0.733477,pseudo_labeled,direction,clip_unverified
jurassic-world/0001/012.jpg,26,train,back,0.305189,0.089470,other,0.350464,0.024621,pseudo_labeled,direction;color,clip_unverified
jurassic-world/0002/001.jpg,27,train,back,0.230637,0.031258,green,0.248313,0.011330,pseudo_labeled,direction;color,clip_unverified
jurassic-world/0002/002.jpg,27,train,back,0.209418,0.035284,blue,0.387385,0.054660,pseudo_labeled,direction;color,clip_unverified
jurassic-world/0002/003.jpg,27,train,front-left,0.193906,0.011875,gray,0.467968,0.133841,pseudo_labeled,direction;color,clip_unverified
jurassic-world/0002/004.jpg,27,train,back,0.197085,0.065158,blue,0.397912,0.101190,pseudo_labeled,direction;color,clip_unverified
jurassic-world/0002/005.jpg,27,train,back-left,0.145503,0.004628,blue,0.813418,0.758166,pseudo_labeled,direction,clip_unverified
jurassic-world/0002/006.jpg,27,train,back-left,0.147995,0.003840,blue,0.754101,0.633864,pseudo_labeled,direction,clip_unverified
jurassic-world/0002/007.jpg,27,train,right,0.157535,0.015628,blue,0.489831,0.154368,pseudo_labeled,direction,clip_unverified
jurassic-world/0002/008.jpg,27,train,back-left,0.192989,0.017295,gray,0.580513,0.445241,pseudo_labeled,direction,clip_unverified
jurassic-world/0002/009.jpg,27,train,back-left,0.174825,0.017024,blue,0.315799,0.004186,pseudo_labeled,direction;color,clip_unverified
jurassic-world/0002/010.jpg,27,train,back-left,0.174462,0.016137,blue,0.569329,0.404090,pseudo_labeled,direction,clip_unverified
jurassic-world/0002/011.jpg,27,train,back-left,0.248169,0.110933,other,0.347810,0.090999,pseudo_labeled,direction;color,clip_unverified
jurassic-world/0002/012.jpg,27,train,back-left,0.171292,0.017228,blue,0.526373,0.321577,pseudo_labeled,direction,clip_unverified
marvel/0014/001.jpg,28,train,left,0.168021,0.009250,gray,0.916771,0.882660,pseudo_labeled,direction,clip_unverified
marvel/0014/002.jpg,28,train,back-left,0.278825,0.065031,gray,0.760490,0.674519,pseudo_labeled,direction,clip_unverified
marvel/0014/003.jpg,28,train,back-left,0.249710,0.083874,gray,0.586127,0.397744,pseudo_labeled,direction,clip_unverified
marvel/0014/004.jpg,28,train,back,0.228479,0.084060,gray,0.704839,0.578623,pseudo_labeled,direction,clip_unverified
marvel/0014/005.jpg,28,train,left,0.177654,0.007530,white,0.517869,0.105052,pseudo_labeled,direction;color,clip_unverified
marvel/0014/006.jpg,28,train,back-left,0.168988,0.020793,gray,0.861826,0.772050,pseudo_labeled,direction,clip_unverified
marvel/0014/007.jpg,28,train,front,0.194753,0.039888,gray,0.865230,0.790216,pseudo_labeled,direction,clip_unverified
marvel/0014/008.jpg,28,train,back,0.281101,0.099702,blue,0.611685,0.437854,pseudo_labeled,direction,clip_unverified
marvel/0014/009.jpg,28,train,back-left,0.154878,0.023375,gray,0.817388,0.763550,pseudo_labeled,direction,clip_unverified
marvel/0014/010.jpg,28,train,back-left,0.200808,0.048215,gray,0.939818,0.906373,pseudo_labeled,direction,clip_unverified
marvel/0015/001.jpg,29,val,front-left,0.214126,0.037745,red,0.846015,0.779243,pseudo_labeled,direction,clip_unverified
marvel/0015/002.jpg,29,val,back-left,0.241825,0.086830,red,0.722262,0.634056,pseudo_labeled,direction,clip_unverified
marvel/0015/003.jpg,29,val,back-left,0.203485,0.028813,red,0.638624,0.518828,pseudo_labeled,direction,clip_unverified
marvel/0015/004.jpg,29,val,back,0.265109,0.066604,red,0.373118,0.118151,pseudo_labeled,direction;color,clip_unverified
marvel/0015/005.jpg,29,val,front-left,0.214485,0.035574,red,0.382754,0.059659,pseudo_labeled,direction;color,clip_unverified
marvel/0015/006.jpg,29,val,front,0.179091,0.030911,red,0.869418,0.799951,pseudo_labeled,direction,clip_unverified
marvel/0015/007.jpg,29,val,back,0.207142,0.003765,red,0.673339,0.530368,pseudo_labeled,direction,clip_unverified
marvel/0015/008.jpg,29,val,front,0.149340,0.003811,red,0.632372,0.500891,pseudo_labeled,direction,clip_unverified
marvel/0015/009.jpg,29,val,back-left,0.201238,0.051852,red,0.342453,0.030060,pseudo_labeled,direction;color,clip_unverified
marvel/0015/010.jpg,29,val,back,0.156874,0.014638,red,0.496599,0.286971,pseudo_labeled,direction,clip_unverified
marvel/0016/001.jpg,30,train,front-right,0.201804,0.013162,black,0.458470,0.286358,pseudo_labeled,direction,clip_unverified
marvel/0016/002.jpg,30,train,back-left,0.230010,0.033157,yellow,0.436686,0.292027,pseudo_labeled,direction,clip_unverified
marvel/0016/003.jpg,30,train,back-left,0.277818,0.107540,yellow,0.445999,0.327214,pseudo_labeled,direction,clip_unverified
marvel/0016/004.jpg,30,train,back-left,0.231957,0.058221,tan,0.304482,0.054828,pseudo_labeled,direction;color,clip_unverified
marvel/0016/005.jpg,30,train,front-left,0.214758,0.025946,brown,0.317426,0.092620,pseudo_labeled,direction;color,clip_unverified
marvel/0016/006.jpg,30,train,front-left,0.182237,0.000685,black,0.844435,0.792571,pseudo_labeled,direction,clip_unverified
marvel/0016/007.jpg,30,train,back-left,0.197619,0.025783,black,0.487831,0.239814,pseudo_labeled,direction,clip_unverified
marvel/0016/008.jpg,30,train,right,0.166789,0.001998,black,0.669324,0.579518,pseudo_labeled,direction,clip_unverified
marvel/0016/009.jpg,30,train,back-left,0.167169,0.025689,black,0.191203,0.014165,pseudo_labeled,direction;color,clip_unverified
marvel/0016/010.jpg,30,train,back-left,0.176748,0.026954,brown,0.258129,0.051297,pseudo_labeled,direction;color,clip_unverified
marvel/0017/001.jpg,31,train,front-left,0.218330,0.053850,red,0.948515,0.906248,pseudo_labeled,direction,clip_unverified
marvel/0017/002.jpg,31,train,back-left,0.216736,0.040550,red,0.655018,0.429647,pseudo_labeled,direction,clip_unverified
marvel/0017/003.jpg,31,train,back-left,0.265683,0.100383,red,0.393801,0.175669,pseudo_labeled,direction,clip_unverified
marvel/0017/004.jpg,31,train,back,0.298254,0.123740,red,0.793513,0.709053,pseudo_labeled,direction,clip_unverified
marvel/0017/005.jpg,31,train,back,0.195146,0.038046,red,0.876768,0.821929,pseudo_labeled,direction,clip_unverified
marvel/0017/006.jpg,31,train,back,0.268545,0.092766,red,0.950083,0.928030,pseudo_labeled,direction,clip_unverified
marvel/0017/007.jpg,31,train,front-right,0.154123,0.004632,red,0.685706,0.482105,pseudo_labeled,direction,clip_unverified
marvel/0017/008.jpg,31,train,back-right,0.154657,0.001013,red,0.467358,0.267438,pseudo_labeled,direction,clip_unverified
marvel/0017/009.jpg,31,train,back,0.212577,0.004209,red,0.584225,0.404410,pseudo_labeled,direction,clip_unverified
marvel/0017/010.jpg,31,train,back-left,0.285459,0.091089,yellow,0.376482,0.134425,pseudo_labeled,direction;color,clip_unverified
star-wars/0011/001.jpg,32,train,left,0.182535,0.022524,tan,0.754782,0.569810,pseudo_labeled,direction,clip_unverified
star-wars/0011/002.jpg,32,train,back-left,0.242346,0.089459,tan,0.528756,0.226858,pseudo_labeled,direction,clip_unverified
star-wars/0011/003.jpg,32,train,back,0.390469,0.194639,white,0.374092,0.124003,pseudo_labeled,color,clip_unverified
star-wars/0011/004.jpg,32,train,back,0.170773,0.014621,tan,0.419332,0.139017,pseudo_labeled,direction;color,clip_unverified
star-wars/0011/005.jpg,32,train,back,0.312796,0.100152,tan,0.301505,0.038420,pseudo_labeled,direction;color,clip_unverified
star-wars/0011/006.jpg,32,train,back,0.193000,0.035645,tan,0.605387,0.312561,pseudo_labeled,direction,clip_unverified
star-wars/0011/007.jpg,32,train,back-left,0.325891,0.195900,tan,0.393121,0.097132,pseudo_labeled,color,clip_unverified
star-wars/0011/008.jpg,32,train,back-left,0.173672,0.018928,tan,0.601606,0.421937,pseudo_labeled,direction,clip_unverified
star-wars/0012/001.jpg,33,train,left,0.187398,0.028514,brown,0.597274,0.370210,pseudo_labeled,direction,clip_unverified
star-wars/0012/002.jpg,33,train,left,0.166386,0.007748,brown,0.341686,0.105495,pseudo_labeled,direction;color,clip_unverified
star-wars/0012/003.jpg,33,train,back,0.228203,0.039853,brown,0.675951,0.542038,pseudo_labeled,direction,clip_unverified
star-wars/0012/004.jpg,33,train,back,0.289239,0.116530,brown,0.303536,0.040736,pseudo_labeled,direction;color,clip_unverified
star-wars/0012/005.jpg,33,train,back,0.275634,0.093627,brown,0.373434,0.112368,pseudo_labeled,direction;color,clip_unverified
star-wars/0012/006.jpg,33,train,back,0.379411,0.137951,brown,0.761900,0.625444,pseudo_labeled,direction,clip_unverified
star-wars/0012/007.jpg,33,train,back,0.257577,0.043543,brown,0.734047,0.607455,pseudo_labeled,direction,clip_unverified
star-wars/0012/008.jpg,33,train,back,0.244134,0.049182,brown,0.634187,0.490568,pseudo_labeled,direction,clip_unverified
star-wars/0013/001.jpg,34,train,back,0.187406,0.005145,black,0.835678,0.783512,pseudo_labeled,direction,clip_unverified
star-wars/0013/002.jpg,34,train,left,0.245119,0.070215,black,0.855046,0.804175,pseudo_labeled,direction,clip_unverified
star-wars/0013/003.jpg,34,train,back-left,0.176703,0.025546,black,0.543057,0.215793,pseudo_labeled,direction,clip_unverified
star-wars/0013/004.jpg,34,train,back-left,0.232567,0.011637,black,0.906465,0.878559,pseudo_labeled,direction,clip_unverified
star-wars/0013/005.jpg,34,train,back-left,0.226543,0.045333,black,0.651239,0.364720,pseudo_labeled,direction,clip_unverified
star-wars/0013/006.jpg,34,train,back,0.203412,0.032853,black,0.709202,0.625587,pseudo_labeled,direction,clip_unverified
star-wars/0013/007.jpg,34,train,left,0.172917,0.019598,black,0.607496,0.400690,pseudo_labeled,direction,clip_unverified
star-wars/0013/008.jpg,34,train,back,0.326327,0.149933,black,0.886194,0.840612,pseudo_labeled,direction,clip_unverified
star-wars/0013/009.jpg,34,train,back,0.235967,0.050481,black,0.619563,0.524538,pseudo_labeled,direction,clip_unverified
star-wars/0014/001.jpg,35,train,back-left,0.187058,0.002557,gray,0.380288,0.100103,pseudo_labeled,direction;color,clip_unverified
star-wars/0014/002.jpg,35,train,back-left,0.204875,0.060266,black,0.595742,0.492788,pseudo_labeled,direction,clip_unverified
star-wars/0014/003.jpg,35,train,back,0.302866,0.145380,other,0.236898,0.029759,pseudo_labeled,direction;color,clip_unverified
star-wars/0014/004.jpg,35,train,back,0.179896,0.007074,gray,0.366282,0.103181,pseudo_labeled,direction;color,clip_unverified
star-wars/0014/005.jpg,35,train,back,0.261782,0.045536,black,0.415868,0.289376,pseudo_labeled,direction,clip_unverified
star-wars/0014/006.jpg,35,train,back-left,0.229052,0.073544,black,0.478042,0.346253,pseudo_labeled,direction,clip_unverified
star-wars/0014/007.jpg,35,train,left,0.184525,0.024666,black,0.287240,0.012274,pseudo_labeled,direction;color,clip_unverified
star-wars/0014/008.jpg,35,train,back,0.239085,0.068020,black,0.404065,0.109858,pseudo_labeled,direction;color,clip_unverified
star-wars/0014/009.jpg,35,train,back,0.213156,0.035072,gray,0.404107,0.100556,pseudo_labeled,direction;color,clip_unverified
star-wars/0015/001.jpg,36,val,back-left,0.190995,0.036943,black,0.865444,0.803676,pseudo_labeled,direction,clip_unverified
star-wars/0015/002.jpg,36,val,back-left,0.179399,0.007413,black,0.824467,0.778494,pseudo_labeled,direction,clip_unverified
star-wars/0015/003.jpg,36,val,left,0.211639,0.048792,black,0.825387,0.720585,pseudo_labeled,direction,clip_unverified
star-wars/0015/004.jpg,36,val,back-left,0.181021,0.024326,black,0.891103,0.848244,pseudo_labeled,direction,clip_unverified
star-wars/0015/005.jpg,36,val,back,0.197728,0.014631,black,0.867382,0.827035,pseudo_labeled,direction,clip_unverified
star-wars/0015/006.jpg,36,val,back,0.233831,0.040588,black,0.934879,0.915485,pseudo_labeled,direction,clip_unverified
star-wars/0015/007.jpg,36,val,left,0.171046,0.025548,black,0.813139,0.772887,pseudo_labeled,direction,clip_unverified
star-wars/0015/008.jpg,36,val,back-left,0.181131,0.015883,black,0.745757,0.646885,pseudo_labeled,direction,clip_unverified
star-wars/0015/009.jpg,36,val,back-left,0.205292,0.060610,black,0.884733,0.835444,pseudo_labeled,direction,clip_unverified
star-wars/0015/010.jpg,36,val,back-left,0.199917,0.044320,black,0.890790,0.866297,pseudo_labeled,direction,clip_unverified
star-wars/0016/001.jpg,37,train,back-left,0.221250,0.082095,brown,0.303513,0.074280,pseudo_labeled,direction;color,clip_unverified
star-wars/0016/002.jpg,37,train,back,0.403657,0.170696,brown,0.666750,0.501452,auto_accepted,,clip_auto_accepted
star-wars/0016/003.jpg,37,train,back-left,0.188862,0.027835,red,0.364743,0.023503,pseudo_labeled,direction;color,clip_unverified
star-wars/0016/004.jpg,37,train,back-left,0.207108,0.041554,red,0.393077,0.083640,pseudo_labeled,direction;color,clip_unverified
star-wars/0016/005.jpg,37,train,back-left,0.181051,0.033252,red,0.841124,0.728062,pseudo_labeled,direction,clip_unverified
star-wars/0016/006.jpg,37,train,back-left,0.175755,0.003771,brown,0.532029,0.313485,pseudo_labeled,direction,clip_unverified
star-wars/0016/007.jpg,37,train,back-left,0.210765,0.037831,brown,0.676300,0.507340,pseudo_labeled,direction,clip_unverified
star-wars/0016/008.jpg,37,train,back-left,0.199236,0.030218,red,0.686353,0.521810,pseudo_labeled,direction,clip_unverified
star-wars/0016/009.jpg,37,train,left,0.181879,0.013110,red,0.385323,0.042507,pseudo_labeled,direction;color,clip_unverified
star-wars/0017/001.jpg,38,train,back,0.292159,0.040661,black,0.318425,0.010400,pseudo_labeled,direction;color,clip_unverified
star-wars/0017/002.jpg,38,train,back,0.271126,0.104905,green,0.521748,0.394365,pseudo_labeled,direction,clip_unverified
star-wars/0017/003.jpg,38,train,back,0.284794,0.129403,green,0.880355,0.817705,pseudo_labeled,direction,clip_unverified
star-wars/0017/004.jpg,38,train,front,0.176375,0.023342,green,0.720738,0.588747,pseudo_labeled,direction,clip_unverified
star-wars/0017/005.jpg,38,train,back,0.229301,0.079823,green,0.773351,0.652553,pseudo_labeled,direction,clip_unverified
star-wars/0017/006.jpg,38,train,back-left,0.198435,0.024355,green,0.725231,0.647413,pseudo_labeled,direction,clip_unverified
star-wars/0017/007.jpg,38,train,back-left,0.190693,0.045667,black,0.467106,0.306767,pseudo_labeled,direction,clip_unverified
star-wars/0017/008.jpg,38,train,left,0.154439,0.005800,black,0.526855,0.390208,pseudo_labeled,direction,clip_unverified
star-wars/0017/009.jpg,38,train,back,0.185595,0.036271,green,0.763489,0.681946,pseudo_labeled,direction,clip_unverified
star-wars/0017/010.jpg,38,train,back,0.291885,0.126795,green,0.432476,0.196023,pseudo_labeled,direction,clip_unverified
test/001.jpg,32,train,back-left,0.244447,0.071621,black,0.941659,0.925683,pseudo_labeled,direction,clip_unverified
test/002.jpg,32,train,back,0.289211,0.104264,black,0.561394,0.378295,pseudo_labeled,direction,clip_unverified
test/003.jpg,32,train,back,0.187239,0.040907,brown,0.291536,0.027164,pseudo_labeled,direction;color,clip_unverified
test/004.jpg,32,train,back,0.156904,0.007931,tan,0.727750,0.517794,pseudo_labeled,direction,clip_unverified
test/005.jpg,1,train,back,0.150353,0.007166,red,0.478380,0.090611,pseudo_labeled,direction;color,clip_unverified
test/006.jpg,3,train,back-left,0.142389,0.000785,white,0.437137,0.097149,pseudo_labeled,direction;color,clip_unverified
test/007.jpg,2,test,back,0.155163,0.010572,black,0.940702,0.924099,pseudo_labeled,direction;test_requires_review,clip_unverified
test/008.jpg,4,train,front-left,0.169175,0.022779,white,0.689256,0.566130,pseudo_labeled,direction,clip_unverified
test/009.jpg,1,train,front-left,0.210426,0.053519,red,0.726719,0.537433,pseudo_labeled,direction,clip_unverified
test/010.jpg,3,train,left,0.201280,0.033950,blue,0.855309,0.795499,pseudo_labeled,direction,clip_unverified
test/011.jpg,4,train,front-left,0.200140,0.022655,white,0.892293,0.839891,pseudo_labeled,direction,clip_unverified
test/012.jpg,2,test,front-left,0.199853,0.028786,black,0.813256,0.700784,pseudo_labeled,direction;test_requires_review,clip_unverified
test/013.jpg,5,train,back-left,0.268426,0.070118,brown,0.208337,0.010865,pseudo_labeled,direction;color,clip_unverified
test/014.jpg,6,train,back-left,0.289787,0.083655,tan,0.663858,0.473730,pseudo_labeled,direction,clip_unverified
test/015.jpg,7,val,back-right,0.184693,0.024842,white,0.474163,0.245903,pseudo_labeled,direction,clip_unverified
test/016.jpg,5,train,back-left,0.170215,0.014040,tan,0.475427,0.238318,pseudo_labeled,direction,clip_unverified
test/017.jpg,6,train,back-left,0.209169,0.069283,brown,0.577587,0.168219,pseudo_labeled,direction,clip_unverified
test/018.jpg,7,val,front-right,0.191413,0.018184,white,0.274961,0.032074,pseudo_labeled,direction;color,clip_unverified
test/019.jpg,18,test,back-left,0.312002,0.161675,tan,0.393343,0.007334,pseudo_labeled,color;test_requires_review,clip_unverified
test/020.jpg,18,test,back-left,0.184601,0.005203,other,0.529523,0.406114,pseudo_labeled,direction;test_requires_review,clip_unverified
test/021.jpg,19,train,back-left,0.326341,0.191235,red,0.317526,0.015580,pseudo_labeled,color,clip_unverified
test/022.jpg,19,train,back-left,0.258724,0.052978,red,0.332429,0.018478,pseudo_labeled,direction;color,clip_unverified
test/023.jpg,26,train,back-left,0.213850,0.062621,red,0.880037,0.832846,pseudo_labeled,direction,clip_unverified
test/024.jpg,26,train,back-left,0.226455,0.018950,red,0.396162,0.183608,pseudo_labeled,direction,clip_unverified
test/025.jpg,27,train,back-left,0.210475,0.061610,black,0.774406,0.695597,pseudo_labeled,direction,clip_unverified
test/026.jpg,27,train,back-left,0.210844,0.000552,black,0.363624,0.077878,pseudo_labeled,direction;color,clip_unverified
test/027.jpg,15,test,front-left,0.190159,0.000267,other,0.782300,0.611467,pseudo_labeled,direction;test_requires_review,clip_unverified
test/028.jpg,16,test,front-left,0.234194,0.046261,red,0.752080,0.680408,pseudo_labeled,direction;test_requires_review,clip_unverified
test/029.jpg,17,train,front-left,0.198656,0.042138,black,0.614905,0.259750,pseudo_labeled,direction,clip_unverified
test/030.jpg,14,train,back-left,0.276993,0.130042,brown,0.532085,0.332075,pseudo_labeled,direction,clip_unverified
test/031.jpg,20,train,back-left,0.297790,0.129438,black,0.395717,0.080363,pseudo_labeled,direction;color,clip_unverified
test/032.jpg,20,train,front-left,0.229830,0.052979,black,0.454410,0.016889,pseudo_labeled,direction;color,clip_unverified
test/033.jpg,20,train,back,0.193558,0.008540,blue,0.308326,0.075353,pseudo_labeled,direction;color,clip_unverified
test/034.jpg,21,train,back-left,0.318329,0.146764,white,0.172954,0.009659,pseudo_labeled,direction;color,clip_unverified
test/035.jpg,21,train,back-left,0.191397,0.032291,white,0.604943,0.418653,pseudo_labeled,direction,clip_unverified
test/036.jpg,21,train,back,0.254878,0.066911,green,0.264182,0.047045,pseudo_labeled,direction;color,clip_unverified
test/037.jpg,22,val,back-left,0.245996,0.032042,black,0.460171,0.068960,pseudo_labeled,direction;color,clip_unverified
test/038.jpg,22,val,front-left,0.228984,0.048183,black,0.541922,0.264193,pseudo_labeled,direction,clip_unverified
test/039.jpg,22,val,back,0.294536,0.101618,black,0.842118,0.782623,pseudo_labeled,direction,clip_unverified
test/040.jpg,23,train,back-left,0.262883,0.070155,blue,0.429539,0.262757,pseudo_labeled,direction,clip_unverified
test/041.jpg,23,train,back-left,0.236878,0.022935,white,0.347341,0.169353,pseudo_labeled,direction,clip_unverified
test/042.jpg,24,val,back-left,0.163645,0.002587,black,0.897026,0.853666,pseudo_labeled,direction,clip_unverified
test/043.jpg,24,val,front-right,0.181895,0.000492,black,0.567137,0.232393,pseudo_labeled,direction,clip_unverified
test/044.jpg,25,train,back-left,0.196665,0.042858,black,0.742626,0.663488,pseudo_labeled,direction,clip_unverified
test/045.jpg,25,train,back-left,0.279443,0.064203,black,0.785120,0.676978,pseudo_labeled,direction,clip_unverified
test/046.jpg,28,train,back-left,0.252743,0.040440,gray,0.806595,0.745260,pseudo_labeled,direction,clip_unverified
test/047.jpg,28,train,front-right,0.136802,0.001941,gray,0.399630,0.031302,pseudo_labeled,direction;color,clip_unverified
test/048.jpg,29,val,back-left,0.222665,0.077805,red,0.584707,0.372065,pseudo_labeled,direction,clip_unverified
test/049.jpg,29,val,front,0.156240,0.000644,red,0.694028,0.574165,pseudo_labeled,direction,clip_unverified
test/050.jpg,30,train,back-left,0.308683,0.106165,black,0.362921,0.140361,pseudo_labeled,direction;color,clip_unverified
test/051.jpg,30,train,front-right,0.162395,0.010836,yellow,0.415799,0.282690,pseudo_labeled,direction,clip_unverified
test/052.jpg,31,train,back-left,0.191803,0.019771,red,0.624577,0.501527,pseudo_labeled,direction,clip_unverified
test/053.jpg,31,train,back-left,0.235298,0.084201,red,0.591428,0.331376,pseudo_labeled,direction,clip_unverified
test/054.jpg,8,test,back-left,0.176771,0.007394,brown,0.757713,0.519255,pseudo_labeled,direction;test_requires_review,clip_unverified
test/055.jpg,8,test,left,0.177964,0.020266,brown,0.610707,0.231792,pseudo_labeled,direction;test_requires_review,clip_unverified
test/056.jpg,9,val,back-left,0.180277,0.024433,gray,0.508291,0.068809,pseudo_labeled,direction;color,clip_unverified
test/057.jpg,9,val,back-left,0.193905,0.052764,white,0.341194,0.121907,pseudo_labeled,direction;color,clip_unverified
test/058.jpg,10,train,front-left,0.198242,0.023681,black,0.773573,0.639967,pseudo_labeled,direction,clip_unverified
test/059.jpg,10,train,back-left,0.240468,0.060792,black,0.874308,0.810430,pseudo_labeled,direction,clip_unverified
test/060.jpg,11,train,back-left,0.162144,0.009678,gray,0.415182,0.084238,pseudo_labeled,direction;color,clip_unverified
test/061.jpg,12,train,back-left,0.164298,0.007447,black,0.507161,0.084095,pseudo_labeled,direction;color,clip_unverified
test/062.jpg,13,train,back-left,0.312108,0.092355,gray,0.559726,0.378444,pseudo_labeled,direction,clip_unverified
test/063.jpg,33,train,back,0.306317,0.127302,brown,0.517420,0.320484,pseudo_labeled,direction,clip_unverified
test/064.jpg,33,train,back,0.192905,0.007417,brown,0.308777,0.031955,pseudo_labeled,direction;color,clip_unverified
test/065.jpg,34,train,back-left,0.219398,0.088380,black,0.709664,0.596761,pseudo_labeled,direction,clip_unverified
test/066.jpg,34,train,back,0.207949,0.011341,black,0.674664,0.550352,pseudo_labeled,direction,clip_unverified
test/067.jpg,34,train,back,0.219774,0.011701,black,0.794237,0.689954,pseudo_labeled,direction,clip_unverified
test/068.jpg,35,train,back-left,0.248218,0.092328,gray,0.362804,0.076895,pseudo_labeled,direction;color,clip_unverified
test/069.jpg,35,train,back-left,0.188885,0.031049,brown,0.349122,0.154663,pseudo_labeled,direction,clip_unverified
test/070.jpg,35,train,back-left,0.237515,0.089435,black,0.577820,0.467196,pseudo_labeled,direction,clip_unverified
test/071.jpg,36,val,back-left,0.197538,0.063788,black,0.834211,0.732102,pseudo_labeled,direction,clip_unverified
test/072.jpg,36,val,back-left,0.205435,0.045695,black,0.801080,0.734322,pseudo_labeled,direction,clip_unverified
test/073.jpg,36,val,back-left,0.179263,0.006682,black,0.815480,0.757681,pseudo_labeled,direction,clip_unverified
test/074.jpg,37,train,back,0.174872,0.006882,brown,0.488003,0.208126,pseudo_labeled,direction,clip_unverified
test/075.jpg,37,train,left,0.191850,0.053598,red,0.690273,0.563098,pseudo_labeled,direction,clip_unverified
test/076.jpg,37,train,back-left,0.218250,0.053652,brown,0.468147,0.214330,pseudo_labeled,direction,clip_unverified
test/077.jpg,38,train,back,0.330840,0.122263,green,0.681111,0.605905,pseudo_labeled,direction,clip_unverified
test/078.jpg,38,train,back,0.353240,0.118149,green,0.691465,0.540611,pseudo_labeled,direction,clip_unverified
test/079.jpg,38,train,back-left,0.170994,0.019014,black,0.542677,0.415823,pseudo_labeled,direction,clip_unverified
harry-potter/0001/012.jpg,18,test,back,0.290360,0.078378,black,0.815163,0.698626,pseudo_labeled,direction;test_requires_review,clip_unverified
harry-potter/0001/013.jpg,18,test,back-left,0.297422,0.035950,black,0.540549,0.283194,pseudo_labeled,direction;test_requires_review,clip_unverified
harry-potter/0002/012.jpg,19,train,back-left,0.238260,0.008112,red,0.641704,0.463298,pseudo_labeled,direction,clip_unverified
harry-potter/0002/013.jpg,19,train,back,0.387256,0.154681,other,0.564371,0.430562,auto_accepted,,clip_auto_accepted
jurassic-world/0001/013.jpg,26,train,back,0.256723,0.037170,other,0.530459,0.388054,pseudo_labeled,direction,clip_unverified
jurassic-world/0001/014.jpg,26,train,back-left,0.241266,0.009589,other,0.493252,0.300393,pseudo_labeled,direction,clip_unverified
jurassic-world/0002/013.jpg,27,train,back,0.209418,0.035283,blue,0.387385,0.054660,pseudo_labeled,direction;color,clip_unverified
jurassic-world/0002/014.jpg,27,train,back,0.230636,0.031257,green,0.248313,0.011330,pseudo_labeled,direction;color,clip_unverified
marvel/0005/009.jpg,15,test,back,0.220310,0.046380,other,0.687645,0.575128,pseudo_labeled,direction;test_requires_review,clip_unverified
marvel/0006/009.jpg,16,test,back-left,0.195761,0.032971,red,0.835857,0.738214,pseudo_labeled,direction;test_requires_review,clip_unverified
marvel/0007/009.jpg,17,train,back-left,0.219508,0.045614,black,0.575361,0.265184,pseudo_labeled,direction,clip_unverified
marvel/0008/012.jpg,20,train,back-left,0.194784,0.002891,red,0.693116,0.592171,pseudo_labeled,direction,clip_unverified
marvel/0008/013.jpg,20,train,back,0.266312,0.053520,brown,0.216640,0.010394,pseudo_labeled,direction;color,clip_unverified
marvel/0008/014.jpg,20,train,back,0.193557,0.008540,blue,0.308324,0.075349,pseudo_labeled,direction;color,clip_unverified
marvel/0009/012.jpg,21,train,back,0.371649,0.120792,white,0.411713,0.170844,pseudo_labeled,direction,clip_unverified
marvel/0009/013.jpg,21,train,back,0.356485,0.134707,blue,0.244897,0.054522,pseudo_labeled,direction;color,clip_unverified
marvel/0009/014.jpg,21,train,back-left,0.184623,0.007102,black,0.437667,0.268144,pseudo_labeled,direction,clip_unverified
marvel/0010/012.jpg,22,val,back,0.157781,0.011558,blue,0.520816,0.305839,pseudo_labeled,direction,clip_unverified
marvel/0010/013.jpg,22,val,back,0.196327,0.030252,gray,0.429717,0.257998,pseudo_labeled,direction,clip_unverified
marvel/0010/014.jpg,22,val,back,0.229532,0.051903,black,0.760058,0.654792,pseudo_labeled,direction,clip_unverified
marvel/0011/011.jpg,23,train,back,0.162346,0.002613,other,0.421453,0.190957,pseudo_labeled,direction,clip_unverified
marvel/0011/012.jpg,23,train,front-right,0.160299,0.026132,blue,0.354714,0.159846,pseudo_labeled,direction,clip_unverified
marvel/0012/011.jpg,24,val,front-left,0.172831,0.015616,black,0.761998,0.612622,pseudo_labeled,direction,clip_unverified
marvel/0012/012.jpg,24,val,front-right,0.150052,0.001944,black,0.767313,0.689015,pseudo_labeled,direction,clip_unverified
marvel/0013/011.jpg,25,train,back-left,0.210211,0.011909,black,0.940692,0.911012,pseudo_labeled,direction,clip_unverified
marvel/0013/012.jpg,25,train,back,0.185769,0.019092,black,0.660691,0.453821,pseudo_labeled,direction,clip_unverified
marvel/0014/011.jpg,28,train,back-left,0.252744,0.040440,gray,0.806594,0.745259,pseudo_labeled,direction,clip_unverified
marvel/0014/012.jpg,28,train,front-right,0.136802,0.001940,gray,0.399629,0.031300,pseudo_labeled,direction;color,clip_unverified
marvel/0015/011.jpg,29,val,back-left,0.222664,0.077804,red,0.584708,0.372067,pseudo_labeled,direction,clip_unverified
marvel/0015/012.jpg,29,val,front,0.156241,0.000644,red,0.694029,0.574167,pseudo_labeled,direction,clip_unverified
marvel/0016/011.jpg,30,train,back-left,0.308684,0.106165,black,0.362923,0.140364,pseudo_labeled,direction;color,clip_unverified
marvel/0016/012.jpg,30,train,front-right,0.162395,0.010836,yellow,0.415797,0.282687,pseudo_labeled,direction,clip_unverified
marvel/0017/011.jpg,31,train,back-left,0.191802,0.019770,red,0.624576,0.501526,pseudo_labeled,direction,clip_unverified
marvel/0017/012.jpg,31,train,back-left,0.235298,0.084200,red,0.591426,0.331373,pseudo_labeled,direction,clip_unverified
star-wars/0004/012.jpg,8,test,back-left,0.167102,0.005489,tan,0.608622,0.439393,pseudo_labeled,direction;test_requires_review,clip_unverified
star-wars/0004/013.jpg,8,test,left,0.163880,0.019860,tan,0.573074,0.360868,pseudo_labeled,direction;test_requires_review,clip_unverified
star-wars/0005/013.jpg,9,val,back-left,0.190648,0.015623,white,0.443882,0.187671,pseudo_labeled,direction,clip_unverified
star-wars/0005/014.jpg,9,val,front-right,0.159169,0.012096,white,0.645410,0.515999,pseudo_labeled,direction,clip_unverified
star-wars/0006/009.jpg,10,train,back-left,0.208791,0.054296,black,0.626187,0.437241,pseudo_labeled,direction,clip_unverified
star-wars/0006/010.jpg,10,train,back-left,0.202583,0.025256,black,0.515315,0.141033,pseudo_labeled,direction;color,clip_unverified
star-wars/0007/008.jpg,11,train,back,0.325706,0.126338,brown,0.419164,0.265645,pseudo_labeled,direction,clip_unverified
star-wars/0008/008.jpg,12,train,back-left,0.195445,0.010781,blue,0.558588,0.284600,pseudo_labeled,direction,clip_unverified
star-wars/0009/008.jpg,13,train,back-left,0.231440,0.040276,brown,0.364473,0.080424,pseudo_labeled,direction;color,clip_unverified
star-wars/0010/008.jpg,14,train,back-left,0.250423,0.093436,brown,0.624448,0.455684,pseudo_labeled,direction,clip_unverified
